,benchmark,params,iteration,value
0,2d-conv,3x3_2x2,0,512.516
1,2d-conv,3x3_2x2,1,512.516
2,2d-conv,3x3_2x2,2,473.324
3,2d-conv,3x3_2x2,3,470.928
4,2d-conv,3x3_2x2,4,470.928
5,2d-conv,3x3_2x2,5,470.928
6,2d-conv,3x3_2x2,6,470.928
7,2d-conv,3x3_2x2,7,470.928
8,2d-conv,3x3_2x2,8,470.928
9,2d-conv,3x3_2x2,9,470.928
10,2d-conv,3x3_2x2,10,470.928
11,2d-conv,3x3_2x2,11,470.928
12,2d-conv,3x3_2x2,12,470.928
13,2d-conv,3x3_2x2,13,470.928
14,2d-conv,3x3_2x2,14,470.928
15,2d-conv,3x3_2x2,15,470.928
16,2d-conv,3x3_2x2,16,470.928
17,2d-conv,3x3_2x2,17,470.928
18,2d-conv,3x3_2x2,18,470.928
19,2d-conv,3x3_2x2,19,470.928
20,2d-conv,3x3_2x2,20,470.928
21,2d-conv,3x3_2x2,21,470.928
22,2d-conv,3x3_2x2,22,470.928
23,2d-conv,3x3_2x2,23,470.928
24,2d-conv,3x3_2x2,24,470.928
25,2d-conv,3x3_2x2,25,470.928
26,2d-conv,3x3_2x2,26,470.928
27,2d-conv,3x3_2x2,27,470.928
28,2d-conv,3x3_2x2,28,470.928
29,2d-conv,3x3_2x2,29,470.928
30,2d-conv,3x3_2x2,30,470.928
31,2d-conv,3x3_2x2,31,470.928
32,2d-conv,3x3_2x2,32,470.928
33,2d-conv,3x3_2x2,33,470.928
34,2d-conv,3x3_2x2,34,470.928
35,2d-conv,3x3_2x2,35,470.928
36,2d-conv,3x3_2x2,36,470.928
37,2d-conv,3x3_2x2,37,470.928
38,2d-conv,3x3_2x2,38,470.928
39,2d-conv,3x3_2x2,39,470.928
40,2d-conv,3x3_2x2,40,470.928
41,2d-conv,3x3_2x2,41,470.928
42,2d-conv,3x3_2x2,42,470.928
43,2d-conv,3x3_2x2,43,470.928
44,2d-conv,3x3_2x2,44,470.928
45,2d-conv,3x3_2x2,45,470.928
46,2d-conv,3x3_2x2,46,470.928
47,2d-conv,3x3_2x2,47,470.928
48,2d-conv,3x3_2x2,48,470.928
49,2d-conv,3x3_2x2,49,470.928
50,2d-conv,3x3_2x2,50,470.928
51,2d-conv,3x3_2x2,51,470.928
52,2d-conv,3x3_2x2,52,470.928
53,2d-conv,3x3_2x2,53,470.928
54,2d-conv,3x3_2x2,54,470.928
55,2d-conv,3x3_2x2,55,470.928
56,2d-conv,3x3_2x2,56,470.928
57,2d-conv,3x3_2x2,57,470.928
58,2d-conv,3x3_2x2,58,470.928
59,2d-conv,3x3_2x2,59,470.928
60,2d-conv,3x3_2x2,60,470.928
61,2d-conv,3x3_2x2,61,470.928
62,2d-conv,3x3_2x2,62,470.928
63,2d-conv,3x3_2x2,63,470.928
64,2d-conv,3x3_2x2,64,470.928
65,2d-conv,3x3_2x2,65,470.928
66,2d-conv,3x3_2x2,66,470.928
67,2d-conv,3x3_2x2,67,470.928
68,2d-conv,3x3_2x2,68,470.928
69,2d-conv,3x3_2x2,69,470.928
70,2d-conv,3x3_2x2,70,470.928
71,2d-conv,3x3_2x2,71,470.928
72,2d-conv,3x3_2x2,72,470.928
73,2d-conv,3x3_2x2,73,470.928
74,2d-conv,3x3_2x2,74,470.928
75,2d-conv,3x3_2x2,75,470.928
76,2d-conv,3x3_2x2,76,470.928
77,2d-conv,3x3_2x2,77,470.928
78,2d-conv,3x3_2x2,78,470.928
79,2d-conv,3x3_2x2,79,470.928
80,2d-conv,3x3_2x2,80,470.928
81,2d-conv,3x3_2x2,81,470.928
82,2d-conv,3x3_2x2,82,470.928
83,2d-conv,3x3_2x2,83,470.928
84,2d-conv,3x3_2x2,84,470.928
85,2d-conv,3x3_2x2,85,470.928
86,2d-conv,3x3_2x2,86,470.928
87,2d-conv,3x3_2x2,87,470.928
88,2d-conv,3x3_2x2,88,470.928
89,2d-conv,3x3_2x2,89,470.928
90,2d-conv,3x3_2x2,90,470.928
91,2d-conv,3x3_2x2,91,470.928
92,2d-conv,3x3_2x2,92,470.928
93,2d-conv,3x3_2x2,93,470.928
94,2d-conv,3x3_2x2,94,470.928
95,2d-conv,3x3_2x2,95,470.928
96,2d-conv,3x3_2x2,96,470.928
97,2d-conv,3x3_2x2,97,470.928
98,2d-conv,3x3_2x2,98,470.928
99,2d-conv,3x3_2x2,99,470.928
100,2d-conv,3x3_2x2,100,470.928
101,2d-conv,3x3_2x2,101,470.928
102,2d-conv,3x3_2x2,102,470.928
103,2d-conv,3x3_2x2,103,470.928
104,2d-conv,3x3_2x2,104,470.928
105,2d-conv,3x3_2x2,105,470.928
106,2d-conv,3x3_2x2,106,470.928
107,2d-conv,3x3_2x2,107,470.928
108,2d-conv,3x3_2x2,108,470.928
109,2d-conv,3x3_2x2,109,470.928
110,2d-conv,3x3_2x2,110,470.928
111,2d-conv,3x3_2x2,111,470.928
112,2d-conv,3x3_2x2,112,470.928
113,2d-conv,3x3_2x2,113,470.928
114,2d-conv,3x3_2x2,114,470.928
115,2d-conv,3x3_2x2,115,470.928
116,2d-conv,3x3_2x2,116,470.928
117,2d-conv,3x3_2x2,117,470.928
118,2d-conv,3x3_2x2,118,470.928
119,2d-conv,3x3_2x2,119,470.928
120,2d-conv,3x3_2x2,120,470.928
121,2d-conv,3x3_2x2,121,470.928
122,2d-conv,3x3_2x2,122,470.928
123,2d-conv,3x3_2x2,123,470.928
124,2d-conv,3x3_2x2,124,470.928
125,2d-conv,3x3_2x2,125,470.928
126,2d-conv,3x3_2x2,126,470.928
127,2d-conv,3x3_2x2,127,470.928
128,2d-conv,3x3_2x2,128,470.928
129,2d-conv,3x3_2x2,129,470.928
130,2d-conv,3x3_2x2,130,470.928
131,2d-conv,3x3_2x2,131,470.928
132,2d-conv,3x3_2x2,132,470.928
133,2d-conv,3x3_2x2,133,470.928
134,2d-conv,3x3_2x2,134,470.928
135,2d-conv,3x3_2x2,135,470.928
136,2d-conv,3x3_2x2,136,470.928
137,2d-conv,3x3_2x2,137,470.928
138,2d-conv,3x3_2x2,138,470.928
139,2d-conv,3x3_2x2,139,470.928
140,2d-conv,3x3_2x2,140,470.928
141,2d-conv,3x3_2x2,141,470.928
142,2d-conv,3x3_2x2,142,470.928
143,2d-conv,3x3_2x2,143,470.928
144,2d-conv,3x3_2x2,144,470.928
145,2d-conv,3x3_2x2,145,470.928
146,2d-conv,3x3_2x2,146,470.928
147,2d-conv,3x3_2x2,147,470.928
148,2d-conv,3x3_2x2,148,470.928
149,2d-conv,3x3_2x2,149,470.928
150,2d-conv,3x3_2x2,150,470.928
151,2d-conv,3x3_2x2,151,470.928
152,2d-conv,3x3_2x2,152,470.928
153,2d-conv,3x3_2x2,153,470.928
154,2d-conv,3x3_2x2,154,470.928
155,2d-conv,3x3_2x2,155,470.928
156,2d-conv,3x3_2x2,156,470.928
157,2d-conv,3x3_2x2,157,470.928
158,2d-conv,3x3_2x2,158,470.928
159,2d-conv,3x3_2x2,159,470.928
160,2d-conv,3x3_2x2,160,470.928
161,2d-conv,3x3_2x2,161,470.928
162,2d-conv,3x3_2x2,162,470.928
163,2d-conv,3x3_2x2,163,470.928
164,2d-conv,3x3_2x2,164,470.928
165,2d-conv,3x3_2x2,165,470.928
166,2d-conv,3x3_2x2,166,470.928
167,2d-conv,3x3_2x2,167,470.928
168,2d-conv,3x3_2x2,168,470.928
169,2d-conv,3x3_2x2,169,470.928
170,2d-conv,3x3_2x2,170,470.928
171,2d-conv,3x3_2x2,171,470.928
172,2d-conv,3x3_2x2,172,470.928
173,2d-conv,3x3_2x2,173,470.928
174,2d-conv,3x3_2x2,174,470.928
175,2d-conv,3x3_2x2,175,470.928
176,2d-conv,3x3_2x2,176,470.928
177,2d-conv,3x3_2x2,177,470.928
178,2d-conv,3x3_2x2,178,470.928
179,2d-conv,3x3_2x2,179,470.928
180,2d-conv,3x3_2x2,180,470.928
181,2d-conv,3x3_2x2,181,470.928
182,2d-conv,3x3_2x2,182,470.928
183,2d-conv,3x3_2x2,183,470.928
184,2d-conv,3x3_2x2,184,470.928
185,2d-conv,3x3_2x2,185,470.928
186,2d-conv,3x3_2x2,186,470.928
187,2d-conv,3x3_2x2,187,470.928
188,2d-conv,3x3_2x2,188,470.928
189,2d-conv,3x3_2x2,189,470.928
190,2d-conv,3x3_2x2,190,470.928
191,2d-conv,3x3_2x2,191,470.928
192,2d-conv,3x3_2x2,192,470.928
193,2d-conv,3x3_2x2,193,470.928
194,2d-conv,3x3_2x2,194,470.928
195,2d-conv,3x3_2x2,195,470.928
196,2d-conv,3x3_2x2,196,470.928
197,2d-conv,3x3_2x2,197,470.928
198,2d-conv,3x3_2x2,198,470.928
199,2d-conv,3x3_2x2,199,470.928
200,2d-conv,3x3_2x2,200,470.928
201,2d-conv,3x3_2x2,201,470.928
202,2d-conv,3x3_2x2,202,470.928
203,2d-conv,3x3_2x2,203,470.928
204,2d-conv,3x3_2x2,204,470.928
205,2d-conv,3x3_2x2,205,470.928
206,2d-conv,3x3_2x2,206,470.928
207,2d-conv,3x3_2x2,207,470.928
208,2d-conv,3x3_2x2,208,470.928
209,2d-conv,3x3_2x2,209,470.928
210,2d-conv,3x3_2x2,210,470.928
211,2d-conv,3x3_2x2,211,470.928
212,2d-conv,3x3_2x2,212,470.928
213,2d-conv,3x3_2x2,213,470.928
214,2d-conv,3x3_2x2,214,470.928
215,2d-conv,3x3_2x2,215,470.928
216,2d-conv,3x3_2x2,216,470.928
217,2d-conv,3x3_2x2,217,470.928
218,2d-conv,3x3_2x2,218,470.928
219,2d-conv,3x3_2x2,219,470.928
220,2d-conv,3x3_2x2,220,470.928
221,2d-conv,3x3_2x2,221,470.928
222,2d-conv,3x3_2x2,222,470.928
223,2d-conv,3x3_2x2,223,470.928
224,2d-conv,3x3_2x2,224,470.928
225,2d-conv,3x3_2x2,225,470.928
226,2d-conv,3x3_2x2,226,470.928
227,2d-conv,3x3_2x2,227,470.928
228,2d-conv,3x3_2x2,228,470.928
229,2d-conv,3x3_2x2,229,470.928
230,2d-conv,3x3_2x2,230,470.928
231,2d-conv,3x3_2x2,231,470.928
232,2d-conv,3x3_2x2,232,470.928
233,2d-conv,3x3_2x2,233,470.928
234,2d-conv,3x3_2x2,234,470.928
235,2d-conv,3x3_2x2,235,470.928
236,2d-conv,3x3_2x2,236,470.928
237,2d-conv,3x3_2x2,237,470.928
238,2d-conv,3x3_2x2,238,470.928
239,2d-conv,3x3_2x2,239,470.928
240,2d-conv,3x3_2x2,240,470.928
241,2d-conv,3x3_2x2,241,470.928
242,2d-conv,3x3_2x2,242,470.928
243,2d-conv,3x3_2x2,243,470.928
244,2d-conv,3x3_2x2,244,470.928
245,2d-conv,3x3_2x2,245,470.928
246,2d-conv,3x3_2x2,246,470.928
247,2d-conv,3x3_2x2,247,470.928
248,2d-conv,3x3_2x2,248,470.928
249,2d-conv,3x3_2x2,249,470.928
250,2d-conv,3x3_2x2,250,470.928
251,2d-conv,3x3_2x2,251,470.928
252,2d-conv,3x3_2x2,252,470.928
253,2d-conv,3x3_2x2,253,470.928
254,2d-conv,3x3_2x2,254,470.928
255,2d-conv,3x3_2x2,255,470.928
256,2d-conv,3x3_2x2,256,470.928
257,2d-conv,3x3_2x2,257,470.928
258,2d-conv,3x3_2x2,258,470.928
259,2d-conv,3x3_2x2,259,470.928
260,2d-conv,3x3_2x2,260,470.928
261,2d-conv,3x3_2x2,261,470.928
262,2d-conv,3x3_2x2,262,470.928
263,2d-conv,3x3_2x2,263,470.928
264,2d-conv,3x3_2x2,264,470.928
265,2d-conv,3x3_2x2,265,470.928
266,2d-conv,3x3_2x2,266,470.928
267,2d-conv,3x3_2x2,267,470.928
268,2d-conv,3x3_2x2,268,470.928
269,2d-conv,3x3_2x2,269,470.928
270,2d-conv,3x3_2x2,270,470.928
271,2d-conv,3x3_2x2,271,470.928
272,2d-conv,3x3_2x2,272,470.928
273,2d-conv,3x3_2x2,273,470.928
274,2d-conv,3x3_2x2,274,470.928
275,2d-conv,3x3_2x2,275,470.928
276,2d-conv,3x3_2x2,276,470.928
277,2d-conv,3x3_2x2,277,470.928
278,2d-conv,3x3_2x2,278,470.928
279,2d-conv,3x3_2x2,279,470.928
280,2d-conv,3x3_2x2,280,470.928
281,2d-conv,3x3_2x2,281,470.928
282,2d-conv,3x3_2x2,282,470.928
283,2d-conv,3x3_2x2,283,470.928
284,2d-conv,3x3_2x2,284,470.928
285,2d-conv,3x3_2x2,285,470.928
286,2d-conv,3x3_2x2,286,470.928
287,2d-conv,3x3_2x2,287,470.928
288,2d-conv,3x3_2x2,288,470.928
289,2d-conv,3x3_2x2,289,470.928
290,2d-conv,3x3_2x2,290,470.928
291,2d-conv,3x3_2x2,291,470.928
292,2d-conv,3x3_2x2,292,470.928
293,2d-conv,3x3_2x2,293,470.928
294,2d-conv,3x3_2x2,294,470.928
295,2d-conv,3x3_2x2,295,470.928
296,2d-conv,3x3_2x2,296,470.928
297,2d-conv,3x3_2x2,297,470.928
298,2d-conv,3x3_2x2,298,470.928
299,2d-conv,3x3_2x2,299,470.928
300,2d-conv,3x3_2x2,300,470.928
301,2d-conv,3x3_2x2,301,470.928
302,2d-conv,3x3_2x2,302,470.928
303,2d-conv,3x3_2x2,303,470.928
304,2d-conv,3x3_2x2,304,470.928
305,2d-conv,3x3_2x2,305,470.928
306,2d-conv,3x3_2x2,306,470.928
307,2d-conv,3x3_2x2,307,470.928
308,2d-conv,3x3_2x2,308,470.928
309,2d-conv,3x3_2x2,309,470.928
310,2d-conv,3x3_2x2,310,470.928
311,2d-conv,3x3_2x2,311,470.928
312,2d-conv,3x3_2x2,312,470.928
313,2d-conv,3x3_2x2,313,470.928
314,2d-conv,3x3_2x2,314,470.928
315,2d-conv,3x3_2x2,315,470.928
316,2d-conv,3x3_2x2,316,470.928
317,2d-conv,3x3_2x2,317,470.928
318,2d-conv,3x3_2x2,318,470.928
319,2d-conv,3x3_2x2,319,470.928
320,2d-conv,3x3_2x2,320,470.928
321,2d-conv,3x3_2x2,321,470.928
322,2d-conv,3x3_2x2,322,470.928
323,2d-conv,3x3_2x2,323,470.928
324,2d-conv,3x3_2x2,324,470.928
325,2d-conv,3x3_2x2,325,470.928
326,2d-conv,3x3_2x2,326,470.928
327,2d-conv,3x3_2x2,327,470.928
328,2d-conv,3x3_2x2,328,20.247
329,2d-conv,3x3_2x2,329,20.247
330,2d-conv,3x3_2x2,330,19.752
331,2d-conv,3x3_2x2,331,19.752
332,2d-conv,3x3_2x2,332,19.752
333,2d-conv,3x3_2x2,333,19.752
334,2d-conv,3x3_2x2,334,19.752
335,2d-conv,3x3_2x2,335,19.752
336,2d-conv,3x3_2x2,336,19.752
337,2d-conv,3x3_2x2,337,19.752
338,2d-conv,3x3_2x2,338,19.752
339,2d-conv,3x3_2x2,339,19.752
340,2d-conv,3x3_2x2,340,19.752
341,2d-conv,3x3_2x2,341,19.752
342,2d-conv,3x3_2x2,342,19.752
343,2d-conv,3x3_2x2,343,19.752
344,2d-conv,3x3_2x2,344,19.752
345,2d-conv,3x3_2x2,345,19.752
346,2d-conv,3x3_2x2,346,19.752
347,2d-conv,3x3_2x2,347,19.752
348,2d-conv,3x3_2x2,348,19.752
349,2d-conv,3x3_2x2,349,19.752
350,2d-conv,3x3_2x2,350,19.752
351,2d-conv,3x3_2x2,351,19.752
352,2d-conv,3x3_2x2,352,19.752
353,2d-conv,3x3_2x2,353,19.752
354,2d-conv,3x3_2x2,354,19.752
355,2d-conv,3x3_2x2,355,19.752
356,2d-conv,3x3_2x2,356,19.752
357,2d-conv,3x3_2x2,357,19.752
358,2d-conv,3x3_2x2,358,19.752
359,2d-conv,3x3_2x2,359,19.752
360,2d-conv,3x3_2x2,360,19.752
361,2d-conv,3x3_2x2,361,19.752
362,2d-conv,3x3_2x2,362,19.752
363,2d-conv,3x3_2x2,363,19.752
364,2d-conv,3x3_2x2,364,19.752
365,2d-conv,3x3_2x2,365,19.752
366,2d-conv,3x3_2x2,366,19.752
367,2d-conv,3x3_2x2,367,19.752
368,2d-conv,3x3_2x2,368,19.752
369,2d-conv,3x3_2x2,369,19.752
370,2d-conv,3x3_2x2,370,19.752
371,2d-conv,3x3_2x2,371,19.752
372,2d-conv,3x3_2x2,372,19.752
373,2d-conv,3x3_2x2,373,19.752
374,2d-conv,3x3_2x2,374,19.752
375,2d-conv,3x3_2x2,375,19.752
376,2d-conv,3x3_2x2,376,19.752
377,2d-conv,3x3_2x2,377,19.752
378,2d-conv,3x3_2x2,378,19.752
379,2d-conv,3x3_2x2,379,19.752
380,2d-conv,3x3_2x2,380,19.752
381,2d-conv,3x3_2x2,381,19.752
382,2d-conv,3x3_2x2,382,19.752
383,2d-conv,3x3_2x2,383,19.752
384,2d-conv,3x3_2x2,384,19.752
385,2d-conv,3x3_2x2,385,19.752
386,2d-conv,3x3_2x2,386,19.752
387,2d-conv,3x3_2x2,387,19.752
388,2d-conv,3x3_2x2,388,19.752
389,2d-conv,3x3_2x2,389,19.752
390,2d-conv,3x3_2x2,390,19.752
391,2d-conv,3x3_2x2,391,19.752
392,2d-conv,3x3_2x2,392,19.752
393,2d-conv,3x3_2x2,393,19.752
394,2d-conv,3x3_2x2,394,19.752
395,2d-conv,3x3_2x2,395,19.752
396,2d-conv,3x3_2x2,396,19.752
397,2d-conv,3x3_2x2,397,19.752
398,2d-conv,3x3_2x2,398,19.752
399,2d-conv,3x3_2x2,399,19.752
400,2d-conv,3x3_2x2,400,19.752
401,2d-conv,3x3_2x2,401,19.752
402,2d-conv,3x3_2x2,402,19.752
403,2d-conv,3x3_2x2,403,19.752
404,2d-conv,3x3_2x2,404,19.752
405,2d-conv,3x3_2x2,405,19.752
406,2d-conv,3x3_2x2,406,19.752
407,2d-conv,3x3_2x2,407,19.752
408,2d-conv,3x3_2x2,408,19.752
409,2d-conv,3x3_2x2,409,19.752
410,2d-conv,3x3_2x2,410,19.752
411,2d-conv,3x3_2x2,411,19.752
412,2d-conv,3x3_2x2,412,19.752
413,2d-conv,3x3_2x2,413,19.752
414,2d-conv,3x3_2x2,414,19.752
415,2d-conv,3x3_2x2,415,19.752
416,2d-conv,3x3_2x2,416,19.752
417,2d-conv,3x3_2x2,417,19.752
418,2d-conv,3x3_2x2,418,19.752
419,2d-conv,3x3_2x2,419,19.752
420,2d-conv,3x3_2x2,420,19.752
421,2d-conv,3x3_2x2,421,19.752
422,2d-conv,3x3_2x2,422,19.752
423,2d-conv,3x3_2x2,423,19.752
424,2d-conv,3x3_2x2,424,19.752
425,2d-conv,3x3_2x2,425,19.752
426,2d-conv,3x3_2x2,426,19.752
427,2d-conv,3x3_2x2,427,19.752
428,2d-conv,3x3_2x2,428,19.752
429,2d-conv,3x3_2x2,429,19.752
430,2d-conv,3x3_2x2,430,19.752
431,2d-conv,3x3_2x2,431,19.752
432,2d-conv,3x3_2x2,432,19.752
433,2d-conv,3x3_2x2,433,19.752
434,2d-conv,3x3_2x2,434,19.752
435,2d-conv,3x3_2x2,435,19.752
436,2d-conv,3x3_2x2,436,19.752
437,2d-conv,3x3_2x2,437,19.752
438,2d-conv,3x3_2x2,438,19.752
439,2d-conv,3x3_2x2,439,19.752
440,2d-conv,3x3_2x2,440,19.752
441,2d-conv,3x3_2x2,441,19.752
442,2d-conv,3x3_2x2,442,19.752
443,2d-conv,3x3_2x2,443,19.752
444,2d-conv,3x3_2x2,444,19.752
445,2d-conv,3x3_2x2,445,19.752
446,2d-conv,3x3_2x2,446,19.752
447,2d-conv,3x3_3x3,0,975.089
448,2d-conv,3x3_3x3,1,975.089
449,2d-conv,3x3_3x3,2,827.5099999999999
450,2d-conv,3x3_3x3,3,823.9159999999999
451,2d-conv,3x3_3x3,4,823.9159999999999
452,2d-conv,3x3_3x3,5,823.9159999999999
453,2d-conv,3x3_3x3,6,823.9159999999999
454,2d-conv,3x3_3x3,7,823.9159999999999
455,2d-conv,3x3_3x3,8,823.9159999999999
456,2d-conv,3x3_3x3,9,823.9159999999999
457,2d-conv,3x3_3x3,10,823.9159999999999
458,2d-conv,3x3_3x3,11,823.9159999999999
459,2d-conv,3x3_3x3,12,823.9159999999999
460,2d-conv,3x3_3x3,13,823.9159999999999
461,2d-conv,3x3_3x3,14,823.9159999999999
462,2d-conv,3x3_3x3,15,823.9159999999999
463,2d-conv,3x3_3x3,16,823.9159999999999
464,2d-conv,3x3_3x3,17,823.9159999999999
465,2d-conv,3x3_3x3,18,823.9159999999999
466,2d-conv,3x3_3x3,19,823.9159999999999
467,2d-conv,3x3_3x3,20,823.9159999999999
468,2d-conv,3x3_3x3,21,823.9159999999999
469,2d-conv,3x3_3x3,22,823.9159999999999
470,2d-conv,3x3_3x3,23,823.9159999999999
471,2d-conv,3x3_3x3,24,823.9159999999999
472,2d-conv,3x3_3x3,25,823.9159999999999
473,2d-conv,3x3_3x3,26,823.9159999999999
474,2d-conv,3x3_3x3,27,823.9159999999999
475,2d-conv,3x3_3x3,28,823.9159999999999
476,2d-conv,3x3_3x3,29,823.9159999999999
477,2d-conv,3x3_3x3,30,823.9159999999999
478,2d-conv,3x3_3x3,31,823.9159999999999
479,2d-conv,3x3_3x3,32,823.9159999999999
480,2d-conv,3x3_3x3,33,823.9159999999999
481,2d-conv,3x3_3x3,34,823.9159999999999
482,2d-conv,3x3_3x3,35,823.9159999999999
483,2d-conv,3x3_3x3,36,823.9159999999999
484,2d-conv,3x3_3x3,37,823.9159999999999
485,2d-conv,3x3_3x3,38,823.9159999999999
486,2d-conv,3x3_3x3,39,823.9159999999999
487,2d-conv,3x3_3x3,40,823.9159999999999
488,2d-conv,3x3_3x3,41,823.9159999999999
489,2d-conv,3x3_3x3,42,823.9159999999999
490,2d-conv,3x3_3x3,43,823.9159999999999
491,2d-conv,3x3_3x3,44,823.9159999999999
492,2d-conv,3x3_3x3,45,823.9159999999999
493,2d-conv,3x3_3x3,46,823.9159999999999
494,2d-conv,3x3_3x3,47,823.9159999999999
495,2d-conv,3x3_3x3,48,823.9159999999999
496,2d-conv,3x3_3x3,49,823.9159999999999
497,2d-conv,3x3_3x3,50,823.9159999999999
498,2d-conv,3x3_3x3,51,823.9159999999999
499,2d-conv,3x3_3x3,52,823.9159999999999
500,2d-conv,3x3_3x3,53,823.9159999999999
501,2d-conv,3x3_3x3,54,823.9159999999999
502,2d-conv,3x3_3x3,55,823.9159999999999
503,2d-conv,3x3_3x3,56,823.9159999999999
504,2d-conv,3x3_3x3,57,823.9159999999999
505,2d-conv,3x3_3x3,58,823.9159999999999
506,2d-conv,3x3_3x3,59,823.9159999999999
507,2d-conv,3x3_3x3,60,823.9159999999999
508,2d-conv,3x3_3x3,61,823.9159999999999
509,2d-conv,3x3_3x3,62,823.9159999999999
510,2d-conv,3x3_3x3,63,823.9159999999999
511,2d-conv,3x3_3x3,64,823.9159999999999
512,2d-conv,3x3_3x3,65,823.9159999999999
513,2d-conv,3x3_3x3,66,823.9159999999999
514,2d-conv,3x3_3x3,67,823.9159999999999
515,2d-conv,3x3_3x3,68,823.9159999999999
516,2d-conv,3x3_3x3,69,823.9159999999999
517,2d-conv,3x3_3x3,70,823.9159999999999
518,2d-conv,3x3_3x3,71,823.9159999999999
519,2d-conv,3x3_3x3,72,823.9159999999999
520,2d-conv,3x3_3x3,73,823.9159999999999
521,2d-conv,3x3_3x3,74,823.9159999999999
522,2d-conv,3x3_3x3,75,823.9159999999999
523,2d-conv,3x3_3x3,76,823.9159999999999
524,2d-conv,3x3_3x3,77,823.9159999999999
525,2d-conv,3x3_3x3,78,823.9159999999999
526,2d-conv,3x3_3x3,79,823.9159999999999
527,2d-conv,3x3_3x3,80,823.9159999999999
528,2d-conv,3x3_3x3,81,823.9159999999999
529,2d-conv,3x3_3x3,82,823.9159999999999
530,2d-conv,3x3_3x3,83,823.9159999999999
531,2d-conv,3x3_3x3,84,823.9159999999999
532,2d-conv,3x3_3x3,85,823.9159999999999
533,2d-conv,3x3_3x3,86,823.9159999999999
534,2d-conv,3x3_3x3,87,823.9159999999999
535,2d-conv,3x3_3x3,88,823.9159999999999
536,2d-conv,3x3_3x3,89,823.9159999999999
537,2d-conv,3x3_3x3,90,823.9159999999999
538,2d-conv,3x3_3x3,91,823.9159999999999
539,2d-conv,3x3_3x3,92,823.9159999999999
540,2d-conv,3x3_3x3,93,823.9159999999999
541,2d-conv,3x3_3x3,94,823.9159999999999
542,2d-conv,3x3_3x3,95,823.9159999999999
543,2d-conv,3x3_3x3,96,823.9159999999999
544,2d-conv,3x3_3x3,97,823.9159999999999
545,2d-conv,3x3_3x3,98,823.9159999999999
546,2d-conv,3x3_3x3,99,823.9159999999999
547,2d-conv,3x3_3x3,100,823.9159999999999
548,2d-conv,3x3_3x3,101,823.9159999999999
549,2d-conv,3x3_3x3,102,823.9159999999999
550,2d-conv,3x3_3x3,103,823.9159999999999
551,2d-conv,3x3_3x3,104,823.9159999999999
552,2d-conv,3x3_3x3,105,823.9159999999999
553,2d-conv,3x3_3x3,106,823.9159999999999
554,2d-conv,3x3_3x3,107,823.9159999999999
555,2d-conv,3x3_3x3,108,823.9159999999999
556,2d-conv,3x3_3x3,109,823.9159999999999
557,2d-conv,3x3_3x3,110,823.9159999999999
558,2d-conv,3x3_3x3,111,823.9159999999999
559,2d-conv,3x3_3x3,112,823.9159999999999
560,2d-conv,3x3_3x3,113,823.9159999999999
561,2d-conv,3x3_3x3,114,823.9159999999999
562,2d-conv,3x3_3x3,115,823.9159999999999
563,2d-conv,3x3_3x3,116,823.9159999999999
564,2d-conv,3x3_3x3,117,823.9159999999999
565,2d-conv,3x3_3x3,118,823.9159999999999
566,2d-conv,3x3_3x3,119,823.9159999999999
567,2d-conv,3x3_3x3,120,823.9159999999999
568,2d-conv,3x3_3x3,121,823.9159999999999
569,2d-conv,3x3_3x3,122,823.9159999999999
570,2d-conv,3x3_3x3,123,823.9159999999999
571,2d-conv,3x3_3x3,124,823.9159999999999
572,2d-conv,3x3_3x3,125,823.9159999999999
573,2d-conv,3x3_3x3,126,823.9159999999999
574,2d-conv,3x3_3x3,127,823.9159999999999
575,2d-conv,3x3_3x3,128,823.9159999999999
576,2d-conv,3x3_3x3,129,823.9159999999999
577,2d-conv,3x3_3x3,130,823.9159999999999
578,2d-conv,3x3_3x3,131,823.9159999999999
579,2d-conv,3x3_3x3,132,823.9159999999999
580,2d-conv,3x3_3x3,133,823.9159999999999
581,2d-conv,3x3_3x3,134,823.9159999999999
582,2d-conv,3x3_3x3,135,823.9159999999999
583,2d-conv,3x3_3x3,136,823.9159999999999
584,2d-conv,3x3_3x3,137,823.9159999999999
585,2d-conv,3x3_3x3,138,823.9159999999999
586,2d-conv,3x3_3x3,139,823.9159999999999
587,2d-conv,3x3_3x3,140,823.9159999999999
588,2d-conv,3x3_3x3,141,823.9159999999999
589,2d-conv,3x3_3x3,142,823.9159999999999
590,2d-conv,3x3_3x3,143,823.9159999999999
591,2d-conv,3x3_3x3,144,823.9159999999999
592,2d-conv,3x3_3x3,145,823.9159999999999
593,2d-conv,3x3_3x3,146,823.9159999999999
594,2d-conv,3x3_3x3,147,823.9159999999999
595,2d-conv,3x3_3x3,148,823.9159999999999
596,2d-conv,3x3_3x3,149,823.9159999999999
597,2d-conv,3x3_3x3,150,823.9159999999999
598,2d-conv,3x3_3x3,151,823.9159999999999
599,2d-conv,3x3_3x3,152,823.9159999999999
600,2d-conv,3x3_3x3,153,823.9159999999999
601,2d-conv,3x3_3x3,154,823.9159999999999
602,2d-conv,3x3_3x3,155,823.9159999999999
603,2d-conv,3x3_3x3,156,823.9159999999999
604,2d-conv,3x3_3x3,157,823.9159999999999
605,2d-conv,3x3_3x3,158,823.9159999999999
606,2d-conv,3x3_3x3,159,823.9159999999999
607,2d-conv,3x3_3x3,160,823.9159999999999
608,2d-conv,3x3_3x3,161,823.9159999999999
609,2d-conv,3x3_3x3,162,823.9159999999999
610,2d-conv,3x3_3x3,163,823.9159999999999
611,2d-conv,3x3_3x3,164,823.9159999999999
612,2d-conv,3x3_3x3,165,823.9159999999999
613,2d-conv,3x3_3x3,166,823.9159999999999
614,2d-conv,3x3_3x3,167,823.9159999999999
615,2d-conv,3x3_3x3,168,823.9159999999999
616,2d-conv,3x3_3x3,169,823.9159999999999
617,2d-conv,3x3_3x3,170,823.9159999999999
618,2d-conv,3x3_3x3,171,823.9159999999999
619,2d-conv,3x3_3x3,172,823.9159999999999
620,2d-conv,3x3_3x3,173,823.9159999999999
621,2d-conv,3x3_3x3,174,823.9159999999999
622,2d-conv,3x3_3x3,175,823.9159999999999
623,2d-conv,3x3_3x3,176,823.9159999999999
624,2d-conv,3x3_3x3,177,823.9159999999999
625,2d-conv,3x3_3x3,178,823.9159999999999
626,2d-conv,3x3_3x3,179,823.9159999999999
627,2d-conv,3x3_3x3,180,823.9159999999999
628,2d-conv,3x3_3x3,181,823.9159999999999
629,2d-conv,3x3_3x3,182,823.9159999999999
630,2d-conv,3x3_3x3,183,823.9159999999999
631,2d-conv,3x3_3x3,184,823.9159999999999
632,2d-conv,3x3_3x3,185,823.9159999999999
633,2d-conv,3x3_3x3,186,823.9159999999999
634,2d-conv,3x3_3x3,187,823.9159999999999
635,2d-conv,3x3_3x3,188,823.9159999999999
636,2d-conv,3x3_3x3,189,823.9159999999999
637,2d-conv,3x3_3x3,190,823.9159999999999
638,2d-conv,3x3_3x3,191,823.9159999999999
639,2d-conv,3x3_3x3,192,823.9159999999999
640,2d-conv,3x3_3x3,193,823.9159999999999
641,2d-conv,3x3_3x3,194,823.9159999999999
642,2d-conv,3x3_3x3,195,823.9159999999999
643,2d-conv,3x3_3x3,196,823.9159999999999
644,2d-conv,3x3_3x3,197,823.9159999999999
645,2d-conv,3x3_3x3,198,823.9159999999999
646,2d-conv,3x3_3x3,199,823.9159999999999
647,2d-conv,3x3_3x3,200,823.9159999999999
648,2d-conv,3x3_3x3,201,823.9159999999999
649,2d-conv,3x3_3x3,202,823.9159999999999
650,2d-conv,3x3_3x3,203,823.9159999999999
651,2d-conv,3x3_3x3,204,823.9159999999999
652,2d-conv,3x3_3x3,205,823.9159999999999
653,2d-conv,3x3_3x3,206,823.9159999999999
654,2d-conv,3x3_3x3,207,823.9159999999999
655,2d-conv,3x3_3x3,208,823.9159999999999
656,2d-conv,3x3_3x3,209,823.9159999999999
657,2d-conv,3x3_3x3,210,823.9159999999999
658,2d-conv,3x3_3x3,211,823.9159999999999
659,2d-conv,3x3_3x3,212,823.9159999999999
660,2d-conv,3x3_3x3,213,823.9159999999999
661,2d-conv,3x3_3x3,214,823.9159999999999
662,2d-conv,3x3_3x3,215,823.9159999999999
663,2d-conv,3x3_3x3,216,823.9159999999999
664,2d-conv,3x3_3x3,217,823.9159999999999
665,2d-conv,3x3_3x3,218,823.9159999999999
666,2d-conv,3x3_3x3,219,823.9159999999999
667,2d-conv,3x3_3x3,220,823.9159999999999
668,2d-conv,3x3_3x3,221,823.9159999999999
669,2d-conv,3x3_3x3,222,823.9159999999999
670,2d-conv,3x3_3x3,223,823.9159999999999
671,2d-conv,3x3_3x3,224,823.9159999999999
672,2d-conv,3x3_3x3,225,823.9159999999999
673,2d-conv,3x3_3x3,226,823.9159999999999
674,2d-conv,3x3_3x3,227,823.9159999999999
675,2d-conv,3x3_3x3,228,823.9159999999999
676,2d-conv,3x3_3x3,229,823.9159999999999
677,2d-conv,3x3_3x3,230,823.9159999999999
678,2d-conv,3x3_3x3,231,823.9159999999999
679,2d-conv,3x3_3x3,232,823.9159999999999
680,2d-conv,3x3_3x3,233,823.9159999999999
681,2d-conv,3x3_3x3,234,823.9159999999999
682,2d-conv,3x3_3x3,235,823.9159999999999
683,2d-conv,3x3_3x3,236,823.9159999999999
684,2d-conv,3x3_3x3,237,823.9159999999999
685,2d-conv,3x3_3x3,238,823.9159999999999
686,2d-conv,3x3_3x3,239,823.9159999999999
687,2d-conv,3x3_3x3,240,823.9159999999999
688,2d-conv,3x3_3x3,241,823.9159999999999
689,2d-conv,3x3_3x3,242,823.9159999999999
690,2d-conv,3x3_3x3,243,823.9159999999999
691,2d-conv,3x3_3x3,244,823.9159999999999
692,2d-conv,3x3_3x3,245,823.9159999999999
693,2d-conv,3x3_3x3,246,823.9159999999999
694,2d-conv,3x3_3x3,247,823.9159999999999
695,2d-conv,3x3_3x3,248,823.9159999999999
696,2d-conv,3x3_3x3,249,823.9159999999999
697,2d-conv,3x3_3x3,250,823.9159999999999
698,2d-conv,3x3_3x3,251,823.9159999999999
699,2d-conv,3x3_3x3,252,823.9159999999999
700,2d-conv,3x3_3x3,253,823.9159999999999
701,2d-conv,3x3_3x3,254,823.9159999999999
702,2d-conv,3x3_3x3,255,823.9159999999999
703,2d-conv,3x3_3x3,256,823.9159999999999
704,2d-conv,3x3_3x3,257,823.9159999999999
705,2d-conv,3x3_3x3,258,823.9159999999999
706,2d-conv,3x3_3x3,259,823.9159999999999
707,2d-conv,3x3_3x3,260,823.9159999999999
708,2d-conv,3x3_3x3,261,823.9159999999999
709,2d-conv,3x3_3x3,262,823.9159999999999
710,2d-conv,3x3_3x3,263,823.9159999999999
711,2d-conv,3x3_3x3,264,823.9159999999999
712,2d-conv,3x3_3x3,265,823.9159999999999
713,2d-conv,3x3_3x3,266,823.9159999999999
714,2d-conv,3x3_3x3,267,823.9159999999999
715,2d-conv,3x3_3x3,268,823.9159999999999
716,2d-conv,3x3_3x3,269,823.9159999999999
717,2d-conv,3x3_3x3,270,823.9159999999999
718,2d-conv,3x3_3x3,271,823.9159999999999
719,2d-conv,3x3_3x3,272,823.9159999999999
720,2d-conv,3x3_3x3,273,823.9159999999999
721,2d-conv,3x3_3x3,274,823.9159999999999
722,2d-conv,3x3_3x3,275,823.9159999999999
723,2d-conv,3x3_3x3,276,823.9159999999999
724,2d-conv,3x3_3x3,277,823.9159999999999
725,2d-conv,3x3_3x3,278,823.9159999999999
726,2d-conv,3x3_3x3,279,823.9159999999999
727,2d-conv,3x3_3x3,280,823.9159999999999
728,2d-conv,3x3_3x3,281,823.9159999999999
729,2d-conv,3x3_3x3,282,823.9159999999999
730,2d-conv,3x3_3x3,283,823.9159999999999
731,2d-conv,3x3_3x3,284,823.9159999999999
732,2d-conv,3x3_3x3,285,823.9159999999999
733,2d-conv,3x3_3x3,286,823.9159999999999
734,2d-conv,3x3_3x3,287,823.9159999999999
735,2d-conv,3x3_3x3,288,823.9159999999999
736,2d-conv,3x3_3x3,289,823.9159999999999
737,2d-conv,3x3_3x3,290,823.9159999999999
738,2d-conv,3x3_3x3,291,823.9159999999999
739,2d-conv,3x3_3x3,292,823.9159999999999
740,2d-conv,3x3_3x3,293,823.9159999999999
741,2d-conv,3x3_3x3,294,823.9159999999999
742,2d-conv,3x3_3x3,295,823.9159999999999
743,2d-conv,3x3_3x3,296,823.9159999999999
744,2d-conv,3x3_3x3,297,823.9159999999999
745,2d-conv,3x3_3x3,298,823.9159999999999
746,2d-conv,3x3_3x3,299,823.9159999999999
747,2d-conv,3x3_3x3,300,823.9159999999999
748,2d-conv,3x3_3x3,301,823.9159999999999
749,2d-conv,3x3_3x3,302,823.9159999999999
750,2d-conv,3x3_3x3,303,823.9159999999999
751,2d-conv,3x3_3x3,304,823.9159999999999
752,2d-conv,3x3_3x3,305,823.9159999999999
753,2d-conv,3x3_3x3,306,823.9159999999999
754,2d-conv,3x3_3x3,307,823.9159999999999
755,2d-conv,3x3_3x3,308,823.9159999999999
756,2d-conv,3x3_3x3,309,823.9159999999999
757,2d-conv,3x3_3x3,310,823.9159999999999
758,2d-conv,3x3_3x3,311,823.9159999999999
759,2d-conv,3x3_3x3,312,823.9159999999999
760,2d-conv,3x3_3x3,313,823.9159999999999
761,2d-conv,3x3_3x3,314,823.9159999999999
762,2d-conv,3x3_3x3,315,823.9159999999999
763,2d-conv,3x3_3x3,316,823.9159999999999
764,2d-conv,3x3_3x3,317,823.9159999999999
765,2d-conv,3x3_3x3,318,823.9159999999999
766,2d-conv,3x3_3x3,319,823.9159999999999
767,2d-conv,3x3_3x3,320,823.9159999999999
768,2d-conv,3x3_3x3,321,823.9159999999999
769,2d-conv,3x3_3x3,322,823.9159999999999
770,2d-conv,3x3_3x3,323,823.9159999999999
771,2d-conv,3x3_3x3,324,823.9159999999999
772,2d-conv,3x3_3x3,325,823.9159999999999
773,2d-conv,3x3_3x3,326,823.9159999999999
774,2d-conv,3x3_3x3,327,823.9159999999999
775,2d-conv,3x3_3x3,328,823.9159999999999
776,2d-conv,3x3_3x3,329,823.9159999999999
777,2d-conv,3x3_3x3,330,823.9159999999999
778,2d-conv,3x3_3x3,331,823.9159999999999
779,2d-conv,3x3_3x3,332,823.9159999999999
780,2d-conv,3x3_3x3,333,823.9159999999999
781,2d-conv,3x3_3x3,334,823.9159999999999
782,2d-conv,3x3_3x3,335,823.9159999999999
783,2d-conv,3x3_3x3,336,750.0169999999999
784,2d-conv,3x3_3x3,337,748.8290000000001
785,2d-conv,3x3_3x3,338,748.8290000000001
786,2d-conv,3x3_3x3,339,748.8290000000001
787,2d-conv,3x3_3x3,340,748.8290000000001
788,2d-conv,3x3_3x3,341,748.8290000000001
789,2d-conv,3x3_3x3,342,748.8290000000001
790,2d-conv,3x3_3x3,343,748.8290000000001
791,2d-conv,3x3_3x3,344,748.8290000000001
792,2d-conv,3x3_3x3,345,748.8290000000001
793,2d-conv,3x3_3x3,346,748.8290000000001
794,2d-conv,3x3_3x3,347,748.8290000000001
795,2d-conv,3x3_3x3,348,748.8290000000001
796,2d-conv,3x3_3x3,349,748.8290000000001
797,2d-conv,3x3_3x3,350,748.8290000000001
798,2d-conv,3x3_3x3,351,748.8290000000001
799,2d-conv,3x3_3x3,352,748.8290000000001
800,2d-conv,3x3_3x3,353,748.8290000000001
801,2d-conv,3x3_3x3,354,748.8290000000001
802,2d-conv,3x3_3x3,355,748.8290000000001
803,2d-conv,3x3_3x3,356,748.8290000000001
804,2d-conv,3x3_3x3,357,748.8290000000001
805,2d-conv,3x3_3x3,358,748.8290000000001
806,2d-conv,3x3_3x3,359,748.8290000000001
807,2d-conv,3x3_3x3,360,748.8290000000001
808,2d-conv,3x3_3x3,361,748.8290000000001
809,2d-conv,3x3_3x3,362,748.8290000000001
810,2d-conv,3x3_3x3,363,748.8290000000001
811,2d-conv,3x3_3x3,364,748.8290000000001
812,2d-conv,3x3_3x3,365,748.8290000000001
813,2d-conv,3x3_3x3,366,748.8290000000001
814,2d-conv,3x3_3x3,367,748.8290000000001
815,2d-conv,3x3_3x3,368,748.8290000000001
816,2d-conv,3x3_3x3,369,748.8290000000001
817,2d-conv,3x3_3x3,370,748.8290000000001
818,2d-conv,3x3_3x3,371,748.8290000000001
819,2d-conv,3x3_3x3,372,748.8290000000001
820,2d-conv,3x3_3x3,373,748.8290000000001
821,2d-conv,3x3_3x3,374,748.8290000000001
822,2d-conv,3x3_3x3,375,748.8290000000001
823,2d-conv,3x3_3x3,376,748.8290000000001
824,2d-conv,3x3_3x3,377,748.8290000000001
825,2d-conv,3x3_3x3,378,748.8290000000001
826,2d-conv,3x3_3x3,379,748.8290000000001
827,2d-conv,3x3_3x3,380,748.8290000000001
828,2d-conv,3x3_3x3,381,748.8290000000001
829,2d-conv,3x3_3x3,382,748.8290000000001
830,2d-conv,3x3_3x3,383,748.8290000000001
831,2d-conv,3x3_3x3,384,748.8290000000001
832,2d-conv,3x3_3x3,385,748.8290000000001
833,2d-conv,3x3_3x3,386,748.8290000000001
834,2d-conv,3x3_3x3,387,748.8290000000001
835,2d-conv,3x3_3x3,388,748.8290000000001
836,2d-conv,3x3_3x3,389,748.8290000000001
837,2d-conv,3x3_3x3,390,748.8290000000001
838,2d-conv,3x3_3x3,391,748.8290000000001
839,2d-conv,3x3_3x3,392,748.8290000000001
840,2d-conv,3x3_3x3,393,748.8290000000001
841,2d-conv,3x3_3x3,394,748.8290000000001
842,2d-conv,3x3_3x3,395,748.8290000000001
843,2d-conv,3x3_3x3,396,748.8290000000001
844,2d-conv,3x3_3x3,397,748.8290000000001
845,2d-conv,3x3_3x3,398,748.8290000000001
846,2d-conv,3x3_3x3,399,748.8290000000001
847,2d-conv,3x3_3x3,400,748.8290000000001
848,2d-conv,3x3_3x3,401,748.8290000000001
849,2d-conv,3x3_3x3,402,748.8290000000001
850,2d-conv,3x3_3x3,403,748.8290000000001
851,2d-conv,3x3_3x3,404,748.8290000000001
852,2d-conv,3x3_3x3,405,748.8290000000001
853,2d-conv,3x3_3x3,406,748.8290000000001
854,2d-conv,3x3_3x3,407,748.8290000000001
855,2d-conv,3x3_3x3,408,748.8290000000001
856,2d-conv,3x3_3x3,409,748.8290000000001
857,2d-conv,3x3_3x3,410,748.8290000000001
858,2d-conv,3x3_3x3,411,748.8290000000001
859,2d-conv,3x3_3x3,412,748.8290000000001
860,2d-conv,3x3_3x3,413,748.8290000000001
861,2d-conv,3x3_3x3,414,748.8290000000001
862,2d-conv,3x3_3x3,415,748.8290000000001
863,2d-conv,3x3_3x3,416,748.8290000000001
864,2d-conv,3x3_3x3,417,748.8290000000001
865,2d-conv,3x3_3x3,418,748.8290000000001
866,2d-conv,3x3_3x3,419,748.8290000000001
867,2d-conv,3x3_3x3,420,748.8290000000001
868,2d-conv,3x3_3x3,421,748.8290000000001
869,2d-conv,3x3_3x3,422,748.8290000000001
870,2d-conv,3x3_3x3,423,748.8290000000001
871,2d-conv,3x3_3x3,424,748.8290000000001
872,2d-conv,3x3_3x3,425,748.8290000000001
873,2d-conv,3x3_3x3,426,748.8290000000001
874,2d-conv,3x3_3x3,427,748.8290000000001
875,2d-conv,3x3_3x3,428,748.8290000000001
876,2d-conv,3x3_3x3,429,748.8290000000001
877,2d-conv,3x3_3x3,430,748.8290000000001
878,2d-conv,3x3_3x3,431,748.8290000000001
879,2d-conv,3x3_3x3,432,742.8290000000001
880,2d-conv,3x3_3x3,433,742.8290000000001
881,2d-conv,3x3_3x3,434,742.8290000000001
882,2d-conv,3x3_3x3,435,742.8290000000001
883,2d-conv,3x3_3x3,436,742.8290000000001
884,2d-conv,3x3_3x3,437,742.8290000000001
885,2d-conv,3x3_3x3,438,742.8290000000001
886,2d-conv,3x3_3x3,439,742.8290000000001
887,2d-conv,3x3_3x3,440,742.8290000000001
888,2d-conv,3x3_3x3,441,742.8290000000001
889,2d-conv,3x3_3x3,442,742.8290000000001
890,2d-conv,3x3_3x3,443,742.8290000000001
891,2d-conv,3x3_3x3,444,742.8290000000001
892,2d-conv,3x3_3x3,445,742.8290000000001
893,2d-conv,3x3_3x3,446,742.8290000000001
894,2d-conv,3x3_3x3,447,742.8290000000001
895,2d-conv,3x3_3x3,448,742.8290000000001
896,2d-conv,3x3_3x3,449,742.8290000000001
897,2d-conv,3x3_3x3,450,742.8290000000001
898,2d-conv,3x3_3x3,451,742.8290000000001
899,2d-conv,3x3_3x3,452,742.8290000000001
900,2d-conv,3x3_3x3,453,742.8290000000001
901,2d-conv,3x3_3x3,454,742.8290000000001
902,2d-conv,3x3_3x3,455,742.8290000000001
903,2d-conv,3x3_3x3,456,742.8290000000001
904,2d-conv,3x3_3x3,457,742.8290000000001
905,2d-conv,3x3_3x3,458,742.8290000000001
906,2d-conv,3x3_3x3,459,742.8290000000001
907,2d-conv,3x3_3x3,460,742.8290000000001
908,2d-conv,3x3_3x3,461,742.8290000000001
909,2d-conv,3x3_3x3,462,742.8290000000001
910,2d-conv,3x3_3x3,463,742.8290000000001
911,2d-conv,3x3_3x3,464,742.8290000000001
912,2d-conv,3x3_3x3,465,742.8290000000001
913,2d-conv,3x3_3x3,466,742.8290000000001
914,2d-conv,3x3_3x3,467,742.8290000000001
915,2d-conv,3x3_3x3,468,742.8290000000001
916,2d-conv,3x3_3x3,469,742.8290000000001
917,2d-conv,3x3_3x3,470,742.8290000000001
918,2d-conv,3x3_3x3,471,742.8290000000001
919,2d-conv,3x3_3x3,472,742.8290000000001
920,2d-conv,3x3_3x3,473,742.8290000000001
921,2d-conv,3x3_3x3,474,742.8290000000001
922,2d-conv,3x3_3x3,512,742.8290000000001
923,2d-conv,3x3_3x3,513,742.8290000000001
924,2d-conv,3x3_3x3,514,742.8290000000001
925,2d-conv,3x3_3x3,515,742.8290000000001
926,2d-conv,3x3_3x3,516,742.8290000000001
927,2d-conv,3x3_3x3,517,742.8290000000001
928,2d-conv,3x3_3x3,518,742.8290000000001
929,2d-conv,3x3_3x3,519,742.8290000000001
930,2d-conv,3x3_3x3,520,742.8290000000001
931,2d-conv,3x3_3x3,521,742.8290000000001
932,2d-conv,3x3_3x3,522,742.8290000000001
933,mat-mul,2x2_2x2,0,124.048
934,mat-mul,2x2_2x2,1,124.048
935,mat-mul,2x2_2x2,2,3.4480000000000004
936,mat-mul,2x2_2x2,3,2.052
937,mat-mul,2x2_2x2,4,2.052
938,mat-mul,2x2_2x2,5,2.052
939,mat-mul,2x2_2x2,6,2.052
940,mat-mul,2x2_2x2,7,2.052
941,mat-mul,2x2_2x2,8,2.052
942,mat-mul,2x2_2x2,9,2.052
943,mat-mul,2x2_2x2,10,2.052
944,mat-mul,2x2_2x2,11,2.052
945,mat-mul,2x2_2x2,12,2.052
946,mat-mul,2x2_2x2,13,2.052
947,mat-mul,2x2_2x2,14,2.052
948,mat-mul,2x2_2x2,15,2.052
949,mat-mul,2x2_2x2,16,2.052
950,mat-mul,2x2_2x2,17,2.052
951,mat-mul,2x2_2x2,18,2.052
952,mat-mul,2x2_2x2,19,2.052
953,mat-mul,2x2_2x2,20,2.052
954,mat-mul,2x2_2x2,21,2.052
955,mat-mul,2x2_2x2,22,2.052
956,mat-mul,2x2_2x2,23,2.052
957,mat-mul,2x2_2x2,24,2.052
958,mat-mul,2x2_2x2,25,2.052
959,mat-mul,2x2_2x2,26,2.052
960,mat-mul,2x2_2x2,27,2.052
961,mat-mul,2x2_2x2,28,2.052
962,mat-mul,2x2_2x2,29,2.052
963,mat-mul,2x2_2x2,30,2.052
964,mat-mul,2x2_2x2,31,2.052
965,mat-mul,2x2_2x2,32,2.052
966,mat-mul,2x2_2x2,33,2.052
967,mat-mul,2x2_2x2,34,2.052
968,mat-mul,2x2_2x2,35,2.052
969,mat-mul,2x2_2x2,36,2.052
970,mat-mul,2x2_2x2,37,2.052
971,mat-mul,2x2_2x2,38,2.052
972,mat-mul,2x2_2x2,39,2.052
973,mat-mul,2x2_2x2,40,2.052
974,mat-mul,2x2_2x2,41,2.052
975,mat-mul,2x2_2x2,42,2.052
976,mat-mul,2x2_2x2,43,2.052
977,mat-mul,2x2_2x2,44,2.052
978,mat-mul,2x2_2x2,45,2.052
979,mat-mul,2x2_2x2,46,2.052
980,mat-mul,2x2_2x2,47,2.052
981,mat-mul,2x2_2x2,48,2.052
982,mat-mul,2x2_2x2,49,2.052
983,mat-mul,2x2_2x2,50,2.052
984,mat-mul,2x2_2x2,51,2.052
985,mat-mul,2x2_2x2,52,2.052
986,mat-mul,2x2_2x2,53,2.052
987,mat-mul,2x2_2x2,54,2.052
988,mat-mul,2x2_2x2,55,2.052
989,mat-mul,2x2_2x2,56,2.052
990,mat-mul,2x2_2x2,57,2.052
991,mat-mul,2x2_2x2,58,2.052
992,mat-mul,2x2_2x2,59,2.052
993,mat-mul,2x2_2x2,60,2.052
994,mat-mul,2x2_2x2,61,2.052
995,mat-mul,2x2_2x2,62,2.052
996,mat-mul,2x2_2x2,63,2.052
997,mat-mul,2x2_2x2,64,2.052
998,mat-mul,2x2_2x2,65,2.052
999,mat-mul,2x2_2x2,66,2.052
1000,mat-mul,2x2_2x2,67,2.052
1001,mat-mul,2x2_2x2,68,2.052
1002,mat-mul,2x2_2x2,69,2.052
1003,mat-mul,2x2_2x2,70,2.052
1004,mat-mul,2x2_2x2,71,2.052
1005,mat-mul,2x2_2x2,72,2.052
1006,mat-mul,2x2_2x2,73,2.052
1007,mat-mul,2x2_2x2,74,2.052
1008,mat-mul,2x2_2x2,75,2.052
1009,mat-mul,2x2_2x2,76,2.052
1010,mat-mul,2x2_2x2,77,2.052
1011,mat-mul,2x2_2x2,78,2.052
1012,mat-mul,2x2_2x2,79,2.052
1013,mat-mul,2x2_2x2,80,2.052
1014,mat-mul,2x2_2x2,81,2.052
1015,mat-mul,2x2_2x2,82,2.052
1016,mat-mul,2x2_2x2,83,2.052
1017,mat-mul,2x2_2x2,84,2.052
1018,mat-mul,2x2_2x2,85,2.052
1019,mat-mul,2x2_2x2,86,2.052
1020,mat-mul,2x2_2x2,87,2.052
1021,mat-mul,2x2_2x2,88,2.052
1022,mat-mul,2x2_2x2,89,2.052
1023,mat-mul,2x2_2x2,90,2.052
1024,mat-mul,2x2_2x2,91,2.052
1025,mat-mul,2x2_2x2,92,2.052
1026,mat-mul,2x2_2x2,93,2.052
1027,mat-mul,2x2_2x2,94,2.052
1028,mat-mul,2x2_2x2,95,2.052
1029,mat-mul,2x2_2x2,96,2.052
1030,mat-mul,2x2_2x2,97,2.052
1031,mat-mul,2x2_2x2,98,2.052
1032,mat-mul,2x2_2x2,99,2.052
1033,mat-mul,2x2_2x2,100,2.052
1034,mat-mul,2x2_2x2,101,2.052
1035,mat-mul,2x2_2x2,102,2.052
1036,mat-mul,2x2_2x2,103,2.052
1037,mat-mul,2x2_2x2,104,2.052
1038,mat-mul,2x2_2x2,105,2.052
1039,mat-mul,2x2_2x2,106,2.052
1040,mat-mul,2x2_2x2,107,2.052
1041,mat-mul,2x2_2x2,108,2.052
1042,mat-mul,2x2_2x2,109,2.052
1043,mat-mul,2x2_2x2,110,2.052
1044,mat-mul,2x2_2x2,111,2.052
1045,mat-mul,2x2_2x2,112,2.052
1046,mat-mul,2x2_2x2,113,2.052
1047,mat-mul,2x2_2x2,114,2.052
1048,mat-mul,2x2_2x2,115,2.052
1049,mat-mul,2x2_2x2,116,2.052
1050,mat-mul,2x2_2x2,117,2.052
1051,mat-mul,2x2_2x2,118,2.052
1052,mat-mul,2x2_2x2,119,2.052
1053,mat-mul,2x2_2x2,120,2.052
1054,mat-mul,2x2_2x2,121,2.052
1055,mat-mul,2x2_2x2,122,2.052
1056,mat-mul,2x2_2x2,123,2.052
1057,mat-mul,2x2_2x2,124,2.052
1058,mat-mul,2x2_2x2,125,2.052
1059,mat-mul,2x2_2x2,126,2.052
1060,mat-mul,2x2_2x2,127,2.052
1061,mat-mul,2x2_2x2,128,2.052
1062,mat-mul,2x2_2x2,129,2.052
1063,mat-mul,2x2_2x2,130,2.052
1064,mat-mul,2x2_2x2,131,2.052
1065,mat-mul,2x2_2x2,132,2.052
1066,mat-mul,2x2_2x2,133,2.052
1067,mat-mul,2x2_2x2,134,2.052
1068,mat-mul,2x2_2x2,135,2.052
1069,mat-mul,2x2_2x2,136,2.052
1070,mat-mul,2x2_2x2,137,2.052
1071,mat-mul,2x2_2x2,138,2.052
1072,mat-mul,2x2_2x2,139,2.052
1073,mat-mul,2x2_2x2,140,2.052
1074,mat-mul,2x2_2x2,141,2.052
1075,mat-mul,2x2_2x2,142,2.052
1076,mat-mul,2x2_2x2,143,2.052
1077,mat-mul,2x2_2x2,144,2.052
1078,mat-mul,2x2_2x2,145,2.052
1079,mat-mul,2x2_2x2,146,2.052
1080,mat-mul,2x2_2x2,147,2.052
1081,mat-mul,2x2_2x2,148,2.052
1082,mat-mul,2x2_2x2,149,2.052
1083,mat-mul,2x2_2x2,150,2.052
1084,mat-mul,2x2_2x2,151,2.052
1085,mat-mul,2x2_2x2,152,2.052
1086,mat-mul,2x2_2x2,153,2.052
1087,mat-mul,2x2_2x2,154,2.052
1088,mat-mul,2x2_2x2,155,2.052
1089,mat-mul,2x2_2x2,156,2.052
1090,mat-mul,2x2_2x2,157,2.052
1091,mat-mul,2x2_2x2,158,2.052
1092,mat-mul,2x2_2x2,159,2.052
1093,mat-mul,2x2_2x2,160,2.052
1094,mat-mul,2x2_2x2,161,2.052
1095,mat-mul,2x2_2x2,162,2.052
1096,mat-mul,2x2_2x2,163,2.052
1097,mat-mul,2x2_2x2,164,2.052
1098,mat-mul,2x2_2x2,165,2.052
1099,mat-mul,2x2_2x2,166,2.052
1100,mat-mul,2x2_2x2,167,2.052
1101,mat-mul,2x2_2x2,168,2.052
1102,mat-mul,2x2_2x2,169,2.052
1103,mat-mul,2x2_2x2,170,2.052
1104,mat-mul,2x2_2x2,171,2.052
1105,mat-mul,2x2_2x2,172,2.052
1106,mat-mul,2x2_2x2,173,2.052
1107,mat-mul,2x2_2x2,174,2.052
1108,mat-mul,2x2_2x2,175,2.052
1109,mat-mul,2x2_2x2,176,2.052
1110,mat-mul,2x2_2x2,177,2.052
1111,mat-mul,2x2_2x2,178,2.052
1112,mat-mul,2x2_2x2,179,2.052
1113,mat-mul,2x2_2x2,180,2.052
1114,mat-mul,2x2_2x2,181,2.052
1115,mat-mul,2x2_2x2,182,2.052
1116,mat-mul,2x2_2x2,183,2.052
1117,mat-mul,2x2_2x2,184,2.052
1118,mat-mul,2x2_2x2,185,2.052
1119,mat-mul,2x2_2x2,186,2.052
1120,mat-mul,2x2_2x2,187,2.052
1121,mat-mul,2x2_2x2,188,2.052
1122,mat-mul,2x2_2x2,189,2.052
1123,mat-mul,2x2_2x2,190,2.052
1124,mat-mul,2x2_2x2,191,2.052
1125,mat-mul,2x2_2x2,192,2.052
1126,mat-mul,2x2_2x2,193,2.052
1127,mat-mul,2x2_2x2,194,2.052
1128,mat-mul,2x2_2x2,195,2.052
1129,mat-mul,2x2_2x2,196,2.052
1130,mat-mul,2x2_2x2,197,2.052
1131,mat-mul,2x2_2x2,198,2.052
1132,mat-mul,2x2_2x2,199,2.052
1133,mat-mul,2x2_2x2,200,2.052
1134,mat-mul,2x2_2x2,201,2.052
1135,mat-mul,2x2_2x2,202,2.052
1136,mat-mul,2x2_2x2,203,2.052
1137,mat-mul,2x2_2x2,204,2.052
1138,mat-mul,2x2_2x2,205,2.052
1139,mat-mul,2x2_2x2,206,2.052
1140,mat-mul,2x2_2x2,207,2.052
1141,mat-mul,2x2_2x2,208,2.052
1142,mat-mul,2x2_2x2,209,2.052
1143,mat-mul,2x2_2x2,210,2.052
1144,mat-mul,2x2_2x2,211,2.052
1145,mat-mul,2x2_2x2,212,2.052
1146,mat-mul,2x2_2x2,213,2.052
1147,mat-mul,2x2_2x2,214,2.052
1148,mat-mul,2x2_2x2,215,2.052
1149,mat-mul,2x2_2x2,216,2.052
1150,mat-mul,2x2_2x2,217,2.052
1151,mat-mul,2x2_2x2,218,2.052
1152,mat-mul,2x2_2x2,219,2.052
1153,mat-mul,2x2_2x2,220,2.052
1154,mat-mul,2x2_2x2,221,2.052
1155,mat-mul,2x2_2x2,222,2.052
1156,mat-mul,2x2_2x2,223,2.052
1157,mat-mul,2x2_2x2,224,2.052
1158,mat-mul,2x2_2x2,225,2.052
1159,mat-mul,2x2_2x2,226,2.052
1160,mat-mul,2x2_2x2,227,2.052
1161,mat-mul,2x2_2x2,228,2.052
1162,mat-mul,2x2_2x2,229,2.052
1163,mat-mul,2x2_2x2,230,2.052
1164,mat-mul,2x2_2x2,231,2.052
1165,mat-mul,2x2_2x2,232,2.052
1166,mat-mul,2x2_2x2,233,2.052
1167,mat-mul,2x2_2x2,234,2.052
1168,mat-mul,2x2_2x2,235,2.052
1169,mat-mul,2x2_2x2,236,2.052
1170,mat-mul,2x2_2x2,237,2.052
1171,mat-mul,2x2_2x2,238,2.052
1172,mat-mul,2x2_2x2,239,2.052
1173,mat-mul,2x2_2x2,240,2.052
1174,mat-mul,2x2_2x2,241,2.052
1175,mat-mul,2x2_2x2,242,2.052
1176,mat-mul,2x2_2x2,243,2.052
1177,mat-mul,2x2_2x2,244,2.052
1178,mat-mul,2x2_2x2,245,2.052
1179,mat-mul,2x2_2x2,246,2.052
1180,mat-mul,2x2_2x2,247,2.052
1181,mat-mul,2x2_2x2,248,2.052
1182,mat-mul,2x2_2x2,249,2.052
1183,mat-mul,2x2_2x2,250,2.052
1184,mat-mul,2x2_2x2,251,2.052
1185,mat-mul,2x2_2x2,252,2.052
1186,mat-mul,2x2_2x2,253,2.052
1187,mat-mul,2x2_2x2,254,2.052
1188,mat-mul,2x2_2x2,255,2.052
1189,mat-mul,2x2_2x2,256,2.052
1190,mat-mul,2x2_2x2,257,2.052
1191,mat-mul,2x2_2x2,258,2.052
1192,mat-mul,2x2_2x2,259,2.052
1193,mat-mul,2x2_2x2,260,2.052
1194,mat-mul,2x2_2x2,261,2.052
1195,mat-mul,2x2_2x2,262,2.052
1196,mat-mul,2x2_2x2,263,2.052
1197,mat-mul,2x2_2x2,264,2.052
1198,mat-mul,2x2_2x2,265,2.052
1199,mat-mul,2x2_2x2,266,2.052
1200,mat-mul,2x2_2x2,267,2.052
1201,mat-mul,2x2_2x2,268,2.052
1202,mat-mul,2x2_2x2,269,2.052
1203,mat-mul,2x2_2x2,270,2.052
1204,mat-mul,2x2_2x2,271,2.052
1205,mat-mul,2x2_2x2,272,2.052
1206,mat-mul,2x2_2x2,273,2.052
1207,mat-mul,2x2_2x2,274,2.052
1208,mat-mul,2x2_2x2,275,2.052
1209,mat-mul,2x2_2x2,276,2.052
1210,mat-mul,2x2_2x2,277,2.052
1211,mat-mul,2x2_2x2,278,2.052
1212,mat-mul,2x2_2x2,279,2.052
1213,mat-mul,2x2_2x2,280,2.052
1214,mat-mul,2x2_2x2,281,2.052
1215,mat-mul,2x2_2x2,282,2.052
1216,mat-mul,2x2_2x2,283,2.052
1217,mat-mul,2x2_2x2,284,2.052
1218,mat-mul,2x2_2x2,285,2.052
1219,mat-mul,2x2_2x2,286,2.052
1220,mat-mul,2x2_2x2,287,2.052
1221,mat-mul,2x2_2x2,288,2.052
1222,mat-mul,2x2_2x2,289,2.052
1223,mat-mul,2x2_2x2,290,2.052
1224,mat-mul,2x2_2x2,291,2.052
1225,mat-mul,2x2_2x2,292,2.052
1226,mat-mul,2x2_2x2,293,2.052
1227,mat-mul,2x2_2x2,294,2.052
1228,mat-mul,2x2_2x2,295,2.052
1229,mat-mul,2x2_2x2,296,2.052
1230,mat-mul,2x2_2x2,297,2.052
1231,mat-mul,2x2_2x2,298,2.052
1232,mat-mul,2x2_2x2,299,2.052
1233,mat-mul,2x2_2x2,300,2.052
1234,mat-mul,2x2_2x2,301,2.052
1235,mat-mul,2x2_2x2,302,2.052
1236,mat-mul,2x2_2x2,303,2.052
1237,mat-mul,2x2_2x2,304,2.052
1238,mat-mul,2x2_2x2,305,2.052
1239,mat-mul,2x2_2x2,306,2.052
1240,mat-mul,2x2_2x2,307,2.052
1241,mat-mul,2x2_2x2,308,2.052
1242,mat-mul,2x2_2x2,309,2.052
1243,mat-mul,2x2_2x2,310,2.052
1244,mat-mul,2x2_2x2,311,2.052
1245,mat-mul,2x2_2x2,312,2.052
1246,mat-mul,2x2_2x2,313,2.052
1247,mat-mul,2x2_2x2,314,2.052
1248,mat-mul,2x2_2x2,315,2.052
1249,mat-mul,2x2_2x2,316,2.052
1250,mat-mul,2x2_2x2,317,2.052
1251,mat-mul,2x2_2x2,318,2.052
1252,mat-mul,2x2_2x2,319,2.052
1253,mat-mul,2x2_2x2,320,2.052
1254,mat-mul,2x2_2x2,321,2.052
1255,mat-mul,2x2_2x2,322,2.052
1256,mat-mul,2x2_2x2,323,2.052
1257,mat-mul,2x2_2x2,324,2.052
1258,mat-mul,2x2_2x2,325,2.052
1259,mat-mul,2x2_2x2,326,2.052
1260,mat-mul,2x2_2x2,327,2.052
1261,mat-mul,2x2_2x2,328,2.052
1262,mat-mul,2x2_2x2,329,2.052
1263,mat-mul,2x2_2x2,330,2.052
1264,mat-mul,2x2_2x2,331,2.052
1265,mat-mul,2x2_2x2,332,2.052
1266,mat-mul,2x2_2x2,333,2.052
1267,mat-mul,2x2_2x2,334,2.052
1268,mat-mul,2x2_2x2,335,2.052
1269,mat-mul,2x2_2x2,336,2.052
1270,mat-mul,2x2_2x2,337,2.052
1271,mat-mul,2x2_2x2,338,2.052
1272,mat-mul,2x2_2x2,339,2.052
1273,mat-mul,2x2_2x2,340,2.052
1274,mat-mul,2x2_2x2,341,2.052
1275,mat-mul,2x2_2x2,342,2.052
1276,mat-mul,2x2_2x2,343,2.052
1277,mat-mul,2x2_2x2,344,2.052
1278,mat-mul,2x2_2x2,345,2.052
1279,mat-mul,2x2_2x2,346,2.052
1280,mat-mul,2x2_2x2,347,2.052
1281,mat-mul,2x2_2x2,348,2.052
1282,mat-mul,2x2_2x2,349,2.052
1283,mat-mul,2x2_2x2,350,2.052
1284,mat-mul,2x2_2x2,351,2.052
1285,mat-mul,2x2_2x2,352,2.052
1286,mat-mul,2x2_2x2,353,2.052
1287,mat-mul,2x2_2x2,354,2.052
1288,mat-mul,2x2_2x2,355,2.052
1289,mat-mul,2x2_2x2,356,2.052
1290,mat-mul,2x2_2x2,357,2.052
1291,mat-mul,2x2_2x2,358,2.052
1292,mat-mul,2x2_2x2,359,2.052
1293,mat-mul,2x2_2x2,360,2.052
1294,mat-mul,2x2_2x2,361,2.052
1295,mat-mul,2x2_2x2,362,2.052
1296,mat-mul,2x2_2x2,363,2.052
1297,mat-mul,2x2_2x2,364,2.052
1298,mat-mul,2x2_2x2,365,2.052
1299,mat-mul,2x2_2x2,366,2.052
1300,mat-mul,2x2_2x2,367,2.052
1301,mat-mul,2x2_2x2,368,2.052
1302,mat-mul,2x2_2x2,369,2.052
1303,mat-mul,2x2_2x2,370,2.052
1304,mat-mul,2x2_2x2,371,2.052
1305,mat-mul,2x2_2x2,372,2.052
1306,mat-mul,2x2_2x2,373,2.052
1307,mat-mul,2x2_2x2,374,2.052
1308,mat-mul,2x2_2x2,375,2.052
1309,mat-mul,2x2_2x2,376,2.052
1310,mat-mul,2x2_2x2,377,2.052
1311,mat-mul,2x2_2x2,378,2.052
1312,mat-mul,2x2_2x2,379,2.052
1313,mat-mul,2x2_2x2,380,2.052
1314,mat-mul,2x2_2x2,381,2.052
1315,mat-mul,2x2_2x2,382,2.052
1316,mat-mul,2x2_2x2,383,2.052
1317,mat-mul,2x2_2x2,384,2.052
1318,mat-mul,2x2_2x2,385,2.052
1319,mat-mul,2x2_2x2,386,2.052
1320,mat-mul,2x2_2x2,387,2.052
1321,mat-mul,2x2_2x2,388,2.052
1322,mat-mul,2x2_2x2,389,2.052
1323,mat-mul,2x2_2x2,390,2.052
1324,mat-mul,2x2_2x2,391,2.052
1325,mat-mul,2x3_3x3,0,260.21000000000004
1326,mat-mul,2x3_3x3,1,260.21000000000004
1327,mat-mul,2x3_3x3,2,246.41000000000005
1328,mat-mul,2x3_3x3,3,245.212
1329,mat-mul,2x3_3x3,4,245.212
1330,mat-mul,2x3_3x3,5,245.212
1331,mat-mul,2x3_3x3,6,245.212
1332,mat-mul,2x3_3x3,7,245.212
1333,mat-mul,2x3_3x3,8,245.212
1334,mat-mul,2x3_3x3,9,245.212
1335,mat-mul,2x3_3x3,10,245.212
1336,mat-mul,2x3_3x3,11,245.212
1337,mat-mul,2x3_3x3,12,245.212
1338,mat-mul,2x3_3x3,13,245.212
1339,mat-mul,2x3_3x3,14,245.212
1340,mat-mul,2x3_3x3,15,245.212
1341,mat-mul,2x3_3x3,16,245.212
1342,mat-mul,2x3_3x3,17,245.212
1343,mat-mul,2x3_3x3,18,245.212
1344,mat-mul,2x3_3x3,19,245.212
1345,mat-mul,2x3_3x3,20,245.212
1346,mat-mul,2x3_3x3,21,245.212
1347,mat-mul,2x3_3x3,22,245.212
1348,mat-mul,2x3_3x3,23,245.212
1349,mat-mul,2x3_3x3,24,245.212
1350,mat-mul,2x3_3x3,25,245.212
1351,mat-mul,2x3_3x3,26,245.212
1352,mat-mul,2x3_3x3,27,245.212
1353,mat-mul,2x3_3x3,28,245.212
1354,mat-mul,2x3_3x3,29,245.212
1355,mat-mul,2x3_3x3,30,245.212
1356,mat-mul,2x3_3x3,31,245.212
1357,mat-mul,2x3_3x3,32,245.212
1358,mat-mul,2x3_3x3,33,245.212
1359,mat-mul,2x3_3x3,34,245.212
1360,mat-mul,2x3_3x3,35,245.212
1361,mat-mul,2x3_3x3,36,245.212
1362,mat-mul,2x3_3x3,37,245.212
1363,mat-mul,2x3_3x3,38,245.212
1364,mat-mul,2x3_3x3,39,245.212
1365,mat-mul,2x3_3x3,40,245.212
1366,mat-mul,2x3_3x3,41,245.212
1367,mat-mul,2x3_3x3,42,245.212
1368,mat-mul,2x3_3x3,43,245.212
1369,mat-mul,2x3_3x3,44,245.212
1370,mat-mul,2x3_3x3,45,245.212
1371,mat-mul,2x3_3x3,46,245.212
1372,mat-mul,2x3_3x3,47,245.212
1373,mat-mul,2x3_3x3,48,245.212
1374,mat-mul,2x3_3x3,49,245.212
1375,mat-mul,2x3_3x3,50,245.212
1376,mat-mul,2x3_3x3,51,245.212
1377,mat-mul,2x3_3x3,52,245.212
1378,mat-mul,2x3_3x3,53,245.212
1379,mat-mul,2x3_3x3,54,245.212
1380,mat-mul,2x3_3x3,55,245.212
1381,mat-mul,2x3_3x3,56,245.212
1382,mat-mul,2x3_3x3,57,245.212
1383,mat-mul,2x3_3x3,58,245.212
1384,mat-mul,2x3_3x3,59,245.212
1385,mat-mul,2x3_3x3,60,245.212
1386,mat-mul,2x3_3x3,61,245.212
1387,mat-mul,2x3_3x3,62,245.212
1388,mat-mul,2x3_3x3,63,245.212
1389,mat-mul,2x3_3x3,64,245.212
1390,mat-mul,2x3_3x3,65,245.212
1391,mat-mul,2x3_3x3,66,245.212
1392,mat-mul,2x3_3x3,67,245.212
1393,mat-mul,2x3_3x3,68,245.212
1394,mat-mul,2x3_3x3,69,245.212
1395,mat-mul,2x3_3x3,70,245.212
1396,mat-mul,2x3_3x3,71,245.212
1397,mat-mul,2x3_3x3,72,245.212
1398,mat-mul,2x3_3x3,73,245.212
1399,mat-mul,2x3_3x3,74,245.212
1400,mat-mul,2x3_3x3,75,245.212
1401,mat-mul,2x3_3x3,76,245.212
1402,mat-mul,2x3_3x3,77,245.212
1403,mat-mul,2x3_3x3,78,245.212
1404,mat-mul,2x3_3x3,79,245.212
1405,mat-mul,2x3_3x3,80,245.212
1406,mat-mul,2x3_3x3,81,245.212
1407,mat-mul,2x3_3x3,82,245.212
1408,mat-mul,2x3_3x3,83,245.212
1409,mat-mul,2x3_3x3,84,245.212
1410,mat-mul,2x3_3x3,85,245.212
1411,mat-mul,2x3_3x3,86,245.212
1412,mat-mul,2x3_3x3,87,245.212
1413,mat-mul,2x3_3x3,88,245.212
1414,mat-mul,2x3_3x3,89,245.212
1415,mat-mul,2x3_3x3,90,245.212
1416,mat-mul,2x3_3x3,91,245.212
1417,mat-mul,2x3_3x3,92,245.212
1418,mat-mul,2x3_3x3,93,245.212
1419,mat-mul,2x3_3x3,94,245.212
1420,mat-mul,2x3_3x3,95,245.212
1421,mat-mul,2x3_3x3,96,245.212
1422,mat-mul,2x3_3x3,97,245.212
1423,mat-mul,2x3_3x3,98,245.212
1424,mat-mul,2x3_3x3,99,245.212
1425,mat-mul,2x3_3x3,100,245.212
1426,mat-mul,2x3_3x3,101,245.212
1427,mat-mul,2x3_3x3,102,245.212
1428,mat-mul,2x3_3x3,103,245.212
1429,mat-mul,2x3_3x3,104,245.212
1430,mat-mul,2x3_3x3,105,245.212
1431,mat-mul,2x3_3x3,106,245.212
1432,mat-mul,2x3_3x3,107,245.212
1433,mat-mul,2x3_3x3,108,245.212
1434,mat-mul,2x3_3x3,109,245.212
1435,mat-mul,2x3_3x3,110,245.212
1436,mat-mul,2x3_3x3,111,245.212
1437,mat-mul,2x3_3x3,112,245.212
1438,mat-mul,2x3_3x3,113,245.212
1439,mat-mul,2x3_3x3,114,245.212
1440,mat-mul,2x3_3x3,115,245.212
1441,mat-mul,2x3_3x3,116,245.212
1442,mat-mul,2x3_3x3,117,245.212
1443,mat-mul,2x3_3x3,118,245.212
1444,mat-mul,2x3_3x3,119,245.212
1445,mat-mul,2x3_3x3,120,245.212
1446,mat-mul,2x3_3x3,121,245.212
1447,mat-mul,2x3_3x3,122,245.212
1448,mat-mul,2x3_3x3,123,245.212
1449,mat-mul,2x3_3x3,124,245.212
1450,mat-mul,2x3_3x3,125,245.212
1451,mat-mul,2x3_3x3,126,245.212
1452,mat-mul,2x3_3x3,127,245.212
1453,mat-mul,2x3_3x3,128,245.212
1454,mat-mul,2x3_3x3,129,245.212
1455,mat-mul,2x3_3x3,130,245.212
1456,mat-mul,2x3_3x3,131,245.212
1457,mat-mul,2x3_3x3,132,245.212
1458,mat-mul,2x3_3x3,133,245.212
1459,mat-mul,2x3_3x3,134,245.212
1460,mat-mul,2x3_3x3,135,245.212
1461,mat-mul,2x3_3x3,136,245.212
1462,mat-mul,2x3_3x3,137,245.212
1463,mat-mul,2x3_3x3,138,245.212
1464,mat-mul,2x3_3x3,139,245.212
1465,mat-mul,2x3_3x3,140,245.212
1466,mat-mul,2x3_3x3,141,245.212
1467,mat-mul,2x3_3x3,142,245.212
1468,mat-mul,2x3_3x3,143,245.212
1469,mat-mul,2x3_3x3,144,245.212
1470,mat-mul,2x3_3x3,145,245.212
1471,mat-mul,2x3_3x3,146,245.212
1472,mat-mul,2x3_3x3,147,245.212
1473,mat-mul,2x3_3x3,148,245.212
1474,mat-mul,2x3_3x3,149,245.212
1475,mat-mul,2x3_3x3,150,245.212
1476,mat-mul,2x3_3x3,151,245.212
1477,mat-mul,2x3_3x3,152,245.212
1478,mat-mul,2x3_3x3,153,245.212
1479,mat-mul,2x3_3x3,154,245.212
1480,mat-mul,2x3_3x3,155,245.212
1481,mat-mul,2x3_3x3,156,245.212
1482,mat-mul,2x3_3x3,157,245.212
1483,mat-mul,2x3_3x3,158,245.212
1484,mat-mul,2x3_3x3,159,245.212
1485,mat-mul,2x3_3x3,160,245.212
1486,mat-mul,2x3_3x3,161,245.212
1487,mat-mul,2x3_3x3,162,245.212
1488,mat-mul,2x3_3x3,163,245.212
1489,mat-mul,2x3_3x3,164,245.212
1490,mat-mul,2x3_3x3,165,245.212
1491,mat-mul,2x3_3x3,166,245.212
1492,mat-mul,2x3_3x3,167,245.212
1493,mat-mul,2x3_3x3,168,245.212
1494,mat-mul,2x3_3x3,169,245.212
1495,mat-mul,2x3_3x3,170,245.212
1496,mat-mul,2x3_3x3,171,245.212
1497,mat-mul,2x3_3x3,172,245.212
1498,mat-mul,2x3_3x3,173,245.212
1499,mat-mul,2x3_3x3,174,245.212
1500,mat-mul,2x3_3x3,175,245.212
1501,mat-mul,2x3_3x3,176,245.212
1502,mat-mul,2x3_3x3,177,245.212
1503,mat-mul,2x3_3x3,178,245.212
1504,mat-mul,2x3_3x3,179,245.212
1505,mat-mul,2x3_3x3,180,245.212
1506,mat-mul,2x3_3x3,181,245.212
1507,mat-mul,2x3_3x3,182,245.212
1508,mat-mul,2x3_3x3,183,245.212
1509,mat-mul,2x3_3x3,184,245.212
1510,mat-mul,2x3_3x3,185,245.212
1511,mat-mul,2x3_3x3,186,245.212
1512,mat-mul,2x3_3x3,187,245.212
1513,mat-mul,2x3_3x3,188,245.212
1514,mat-mul,2x3_3x3,189,245.212
1515,mat-mul,2x3_3x3,190,245.212
1516,mat-mul,2x3_3x3,191,245.212
1517,mat-mul,2x3_3x3,192,245.212
1518,mat-mul,2x3_3x3,193,245.212
1519,mat-mul,2x3_3x3,194,245.212
1520,mat-mul,2x3_3x3,195,245.212
1521,mat-mul,2x3_3x3,196,245.212
1522,mat-mul,2x3_3x3,197,245.212
1523,mat-mul,2x3_3x3,198,245.212
1524,mat-mul,2x3_3x3,199,245.212
1525,mat-mul,2x3_3x3,200,245.212
1526,mat-mul,2x3_3x3,201,245.212
1527,mat-mul,2x3_3x3,202,245.212
1528,mat-mul,2x3_3x3,203,245.212
1529,mat-mul,2x3_3x3,204,245.212
1530,mat-mul,2x3_3x3,205,245.212
1531,mat-mul,2x3_3x3,206,245.212
1532,mat-mul,2x3_3x3,207,245.212
1533,mat-mul,2x3_3x3,208,245.212
1534,mat-mul,2x3_3x3,209,245.212
1535,mat-mul,2x3_3x3,210,245.212
1536,mat-mul,2x3_3x3,211,245.212
1537,mat-mul,2x3_3x3,212,245.212
1538,mat-mul,2x3_3x3,213,245.212
1539,mat-mul,2x3_3x3,214,245.212
1540,mat-mul,2x3_3x3,215,245.212
1541,mat-mul,2x3_3x3,216,245.212
1542,mat-mul,2x3_3x3,217,245.212
1543,mat-mul,2x3_3x3,218,245.212
1544,mat-mul,2x3_3x3,219,245.212
1545,mat-mul,2x3_3x3,220,245.212
1546,mat-mul,2x3_3x3,221,245.212
1547,mat-mul,2x3_3x3,222,245.212
1548,mat-mul,2x3_3x3,223,245.212
1549,mat-mul,2x3_3x3,224,245.212
1550,mat-mul,2x3_3x3,225,245.212
1551,mat-mul,2x3_3x3,226,245.212
1552,mat-mul,2x3_3x3,227,245.212
1553,mat-mul,2x3_3x3,228,245.212
1554,mat-mul,2x3_3x3,229,245.212
1555,mat-mul,2x3_3x3,230,245.212
1556,mat-mul,2x3_3x3,231,245.212
1557,mat-mul,2x3_3x3,232,245.212
1558,mat-mul,2x3_3x3,233,245.212
1559,mat-mul,2x3_3x3,234,245.212
1560,mat-mul,2x3_3x3,235,245.212
1561,mat-mul,2x3_3x3,236,245.212
1562,mat-mul,2x3_3x3,237,245.212
1563,mat-mul,2x3_3x3,238,245.212
1564,mat-mul,2x3_3x3,239,245.212
1565,mat-mul,2x3_3x3,240,245.212
1566,mat-mul,2x3_3x3,241,245.212
1567,mat-mul,2x3_3x3,242,245.212
1568,mat-mul,2x3_3x3,243,245.212
1569,mat-mul,2x3_3x3,244,245.212
1570,mat-mul,2x3_3x3,245,245.212
1571,mat-mul,2x3_3x3,246,245.212
1572,mat-mul,2x3_3x3,247,10.222
1573,mat-mul,2x3_3x3,248,10.222
1574,mat-mul,2x3_3x3,249,10.222
1575,mat-mul,2x3_3x3,250,10.222
1576,mat-mul,2x3_3x3,251,10.222
1577,mat-mul,2x3_3x3,252,9.826
1578,mat-mul,2x3_3x3,253,9.826
1579,mat-mul,2x3_3x3,254,9.826
1580,mat-mul,2x3_3x3,255,9.826
1581,mat-mul,2x3_3x3,256,9.826
1582,mat-mul,2x3_3x3,257,9.826
1583,mat-mul,2x3_3x3,258,9.826
1584,mat-mul,2x3_3x3,259,9.826
1585,mat-mul,2x3_3x3,260,9.826
1586,mat-mul,2x3_3x3,261,9.826
1587,mat-mul,2x3_3x3,262,9.826
1588,mat-mul,2x3_3x3,263,9.826
1589,mat-mul,2x3_3x3,264,9.826
1590,mat-mul,2x3_3x3,265,9.826
1591,mat-mul,2x3_3x3,266,9.826
1592,mat-mul,2x3_3x3,267,9.826
1593,mat-mul,2x3_3x3,268,9.826
1594,mat-mul,2x3_3x3,269,9.826
1595,mat-mul,2x3_3x3,270,9.826
1596,mat-mul,2x3_3x3,271,9.826
1597,mat-mul,2x3_3x3,272,9.826
1598,mat-mul,2x3_3x3,273,9.826
1599,mat-mul,2x3_3x3,274,9.826
1600,mat-mul,2x3_3x3,275,9.826
1601,mat-mul,2x3_3x3,276,9.826
1602,mat-mul,2x3_3x3,277,9.826
1603,mat-mul,2x3_3x3,278,9.826
1604,mat-mul,2x3_3x3,279,9.826
1605,mat-mul,2x3_3x3,280,9.826
1606,mat-mul,2x3_3x3,281,9.826
1607,mat-mul,2x3_3x3,282,9.826
1608,mat-mul,2x3_3x3,283,9.826
1609,mat-mul,2x3_3x3,284,9.826
1610,mat-mul,2x3_3x3,285,9.826
1611,mat-mul,2x3_3x3,286,9.826
1612,mat-mul,2x3_3x3,287,9.826
1613,mat-mul,2x3_3x3,288,9.826
1614,mat-mul,2x3_3x3,289,9.826
1615,mat-mul,2x3_3x3,290,9.826
1616,mat-mul,2x3_3x3,291,9.826
1617,mat-mul,2x3_3x3,292,9.826
1618,mat-mul,2x3_3x3,293,9.826
1619,mat-mul,2x3_3x3,294,9.826
1620,mat-mul,2x3_3x3,295,9.826
1621,mat-mul,2x3_3x3,296,9.826
1622,mat-mul,2x3_3x3,297,9.826
1623,mat-mul,2x3_3x3,298,9.826
1624,mat-mul,2x3_3x3,299,9.826
1625,mat-mul,2x3_3x3,300,9.826
1626,mat-mul,2x3_3x3,301,9.826
1627,mat-mul,2x3_3x3,302,9.826
1628,mat-mul,2x3_3x3,303,9.826
1629,mat-mul,2x3_3x3,304,9.826
1630,mat-mul,2x3_3x3,305,9.826
1631,mat-mul,2x3_3x3,306,9.826
1632,mat-mul,2x3_3x3,307,9.826
1633,mat-mul,2x3_3x3,308,9.826
1634,mat-mul,2x3_3x3,309,9.826
1635,mat-mul,2x3_3x3,310,9.826
1636,mat-mul,2x3_3x3,311,9.826
1637,mat-mul,2x3_3x3,312,9.826
1638,mat-mul,2x3_3x3,313,9.826
1639,mat-mul,2x3_3x3,314,9.826
1640,mat-mul,2x3_3x3,315,9.826
1641,mat-mul,2x3_3x3,316,9.826
1642,mat-mul,2x3_3x3,317,9.826
1643,mat-mul,2x3_3x3,318,9.826
1644,mat-mul,2x3_3x3,319,9.826
1645,mat-mul,2x3_3x3,320,9.826
1646,mat-mul,2x3_3x3,321,9.826
1647,mat-mul,2x3_3x3,322,9.826
1648,mat-mul,2x3_3x3,323,9.826
1649,mat-mul,2x3_3x3,324,9.826
1650,mat-mul,2x3_3x3,325,9.826
1651,mat-mul,2x3_3x3,326,9.826
1652,mat-mul,2x3_3x3,327,9.826
1653,mat-mul,2x3_3x3,328,9.826
1654,mat-mul,2x3_3x3,329,9.826
1655,mat-mul,2x3_3x3,330,9.826
1656,mat-mul,2x3_3x3,331,9.826
1657,mat-mul,2x3_3x3,332,9.826
1658,mat-mul,2x3_3x3,333,9.826
1659,mat-mul,2x3_3x3,334,9.826
1660,mat-mul,2x3_3x3,335,9.826
1661,mat-mul,2x3_3x3,336,9.826
1662,mat-mul,2x3_3x3,337,9.826
1663,mat-mul,2x3_3x3,338,9.826
1664,mat-mul,2x3_3x3,339,9.826
1665,mat-mul,2x3_3x3,340,9.826
1666,mat-mul,2x3_3x3,341,9.826
1667,mat-mul,2x3_3x3,342,9.826
1668,mat-mul,2x3_3x3,343,9.826
1669,mat-mul,2x3_3x3,344,9.826
1670,mat-mul,2x3_3x3,345,9.826
1671,mat-mul,2x3_3x3,346,9.826
1672,mat-mul,2x3_3x3,347,9.826
1673,mat-mul,2x3_3x3,348,9.826
1674,mat-mul,2x3_3x3,349,9.826
1675,mat-mul,2x3_3x3,350,9.826
1676,mat-mul,2x3_3x3,351,9.826
1677,mat-mul,2x3_3x3,352,9.826
1678,mat-mul,2x3_3x3,353,9.826
1679,mat-mul,2x3_3x3,354,9.826
1680,mat-mul,2x3_3x3,355,9.826
1681,mat-mul,2x3_3x3,356,9.826
1682,mat-mul,2x3_3x3,404,9.826
1683,mat-mul,2x3_3x3,405,9.826
1684,mat-mul,2x3_3x3,406,9.826
1685,mat-mul,2x3_3x3,407,9.826
1686,mat-mul,2x3_3x3,408,9.826
1687,mat-mul,2x3_3x3,409,9.826
1688,mat-mul,2x3_3x3,410,9.826
1689,mat-mul,2x3_3x3,411,9.826
1690,mat-mul,2x3_3x3,412,9.826
1691,mat-mul,2x3_3x3,413,9.826
1692,mat-mul,2x3_3x3,414,9.826
1693,mat-mul,2x3_3x3,415,9.826
1694,mat-mul,2x3_3x3,416,9.826
1695,mat-mul,2x3_3x3,417,9.826
1696,mat-mul,2x3_3x3,418,9.826
1697,mat-mul,2x3_3x3,419,9.826
1698,mat-mul,2x3_3x3,420,9.826
1699,mat-mul,2x3_3x3,421,9.826
1700,mat-mul,2x3_3x3,422,9.826
1701,mat-mul,2x3_3x3,423,9.826
1702,mat-mul,2x3_3x3,424,9.826
1703,mat-mul,2x3_3x3,425,9.826
1704,mat-mul,2x3_3x3,426,9.826
1705,mat-mul,2x3_3x3,427,9.826
1706,mat-mul,2x3_3x3,428,9.826
1707,mat-mul,2x3_3x3,429,9.826
1708,mat-mul,2x3_3x3,430,9.826
1709,mat-mul,2x3_3x3,431,9.826
1710,mat-mul,2x3_3x3,432,9.826
1711,mat-mul,2x3_3x3,433,9.826
1712,mat-mul,2x3_3x3,434,9.826
1713,mat-mul,2x3_3x3,435,9.826
1714,mat-mul,2x3_3x3,436,9.826
1715,mat-mul,2x3_3x3,437,9.826
1716,mat-mul,2x3_3x3,438,9.826
1717,mat-mul,2x3_3x3,440,9.826
1718,mat-mul,2x3_3x3,441,9.826
